{
    "timestamp": {
        "seconds": 1584790549,
        "nanoseconds": 782859154
    },
    "columns": 80,
    "command": "/bin/ls",
    "lines": 24,
    "runargv": [ "ls" ],
    "runenv": [
        "LANG=en_US.UTF-8",
        "TERM=tmux",
        "PATH=/home/millert/bin/OpenBSD.amd64:/home/millert/bin:/home/millert/bin/scripts:/home/millert/node_modules/.bin:/usr/local/gnu/bin:/usr/local/bin:/usr/local/sbin:/usr/local/etc:/usr/local/rcs/bin:/usr/local/nmh/bin:/usr/local/news/bin:/usr/local/emacs/bin:/usr/local/netpbm/bin:/usr/local/mtools/bin:/usr/local/netscape/bin:/usr/local/ghostscript/bin:/usr/local/frame-5.5.6/bin:/usr/local/teTeX/bin:/usr/local/cvs-1.10.1/bin:/usr/local/games/bin:/usr/local/archivers/bin:/usr/local/skey/bin:/usr/local/audio/bin:/usr/local/rtty/bin:/bin:/sbin:/usr/games:/usr/bin:/usr/sbin:/usr/etc:/etc:/usr/X11R6/bin:/usr/local/bin:/usr/obj/bin:/usr/src/bin",
        "MAIL=/var/mail/root",
        "LOGNAME=root",
        "USER=root",
        "HOME=/root",
        "SHELL=/bin/ksh",
        "SUDO_COMMAND=/bin/ls",
        "SUDO_USER=millert",
        "SUDO_UID=8036",
        "SUDO_GID=20",
        "KRB5CCNAME=bogus"
    ],
    "runuid": 0,
    "runuser": "root",
    "submitcwd": "/usr/src/local/millert/hg/sudo/1.7",
    "submithost": "xerxes.sudo.ws",
    "submituser": "millert",
    "ttyname": "/dev/ttyp3"
}
