{
    "timestamp": {
        "seconds": 1601411718,
        "nanoseconds": 269131020
    },
    "columns": 80,
    "command": "/usr/bin/printenv",
    "lines": 24,
    "runargv": [
        "/usr/bin/printenv"
    ],
    "runenv": [
        "KRB5CCNAME=bogus",
        "LANG=en_US.UTF-8",
        "PATH=/tmp",
        "TERM=xterm-color",
        "MAIL=/var/mail/root",
        "LOGNAME=root",
        "USER=root",
        "HOME=/root",
        "SHELL=/bin/ksh",
        "SUDO_COMMAND=/usr/bin/printenv",
        "SUDO_USER=testdude",
        "SUDO_UID=1000",
        "SUDO_GID=1000"
    ],
    "runuid": 0,
    "runcwd": "/usr/src/local/millert/sudo/trunk/plugins/sudoers",
    "runuser": "root",
    "submitcwd": "/usr/src/local/millert/sudo/trunk/plugins/sudoers",
    "submithost": "xerxes.sudo.ws",
    "submituser": "testdude",
    "ttyname": "/dev/ttypb"
}
